-- Categories establiments
INSERT INTO beatdown.stablishment_category (stablishment_category_id, description_cat, description_spa, description_eng) VALUES(1, 'Salut i Bellesa', 'Salud y Belleza', 'Health and Beauty');
INSERT INTO beatdown.stablishment_category (stablishment_category_id, description_cat, description_spa, description_eng) VALUES(2, 'A Domicili', 'A Domicilio', 'Home Delivery');
INSERT INTO beatdown.stablishment_category (stablishment_category_id, description_cat, description_spa, description_eng) VALUES(3, 'Electrònica', 'Electrónica', 'Electronics');
INSERT INTO beatdown.stablishment_category (stablishment_category_id, description_cat, description_spa, description_eng) VALUES(4, 'Estètica', 'Estética', 'Esthetic');
INSERT INTO beatdown.stablishment_category (stablishment_category_id, description_cat, description_spa, description_eng) VALUES(5, 'Restaurant', 'Restaurante', 'Restaurant');
INSERT INTO beatdown.stablishment_category (stablishment_category_id, description_cat, description_spa, description_eng) VALUES(6, 'Clínica', 'Clínica', 'Clinic');
INSERT INTO beatdown.stablishment_category (stablishment_category_id, description_cat, description_spa, description_eng) VALUES(7, 'Hotel', 'Hotel', 'Hotel');
INSERT INTO beatdown.stablishment_category (stablishment_category_id, description_cat, description_spa, description_eng) VALUES(8, 'Professional', 'Profesional', 'Professional');
INSERT INTO beatdown.stablishment_category (stablishment_category_id, description_cat, description_spa, description_eng) VALUES(9, 'Motor', 'Motor', 'Motor');
INSERT INTO beatdown.stablishment_category (stablishment_category_id, description_cat, description_spa, description_eng) VALUES(10, 'Activitat', 'Actividad', 'Activity');
INSERT INTO beatdown.stablishment_category (stablishment_category_id, description_cat, description_spa, description_eng) VALUES(11, 'Moda', 'Moda', 'Fashion');

-- Establiments
INSERT INTO beatdown.stablishment (stablishment_id, name, address, city, latitude, longitude, stablishment_category_id, location) VALUES(1, 'Solvisión', 'C. C. Las Arenas', 'Barcelona', 41.37625323920495, 2.149539630094182, 1, POINT (41.37625323920495, 2.149539630094182));
INSERT INTO beatdown.stablishment (stablishment_id, name, address, city, latitude, longitude, stablishment_category_id, location) VALUES(7, 'Soloptical', 'C. C. Las Arenas', 'Barcelona', 41.37659842273012, 2.1491542981033263, 1, POINT (41.37659842273012, 2.1491542981033263));
INSERT INTO beatdown.stablishment (stablishment_id, name, address, city, latitude, longitude, stablishment_category_id, location) VALUES(8, 'Domino''s Pizza', 'C/ Sepulveda, 38-40', 'Barcelona', 41.3766486, 2.15397859999996, 2, POINT (41.3766486, 2.15397859999996));
INSERT INTO beatdown.stablishment (stablishment_id, name, address, city, latitude, longitude, stablishment_category_id, location) VALUES(9, 'Game', 'C/ Sants, 17', 'Barcelona', 41.37518862544532, 2.1400489472214304, 3, POINT (41.37518862544532, 2.1400489472214304));
INSERT INTO beatdown.stablishment (stablishment_id, name, address, city, latitude, longitude, stablishment_category_id, location) VALUES(10, 'Clínicas Lola Sopeña', 'Carrer de Vilamarí , 75', 'Barcelona', 41.380183721078346, 2.1473333956421357, 4, POINT (41.380183721078346, 2.1473333956421357));
INSERT INTO beatdown.stablishment (stablishment_id, name, address, city, latitude, longitude, stablishment_category_id, location) VALUES(11, 'Burger King', 'C/ Tarragona, 108', 'Barcelona', 41.379869503144455, 2.1439691236606677, 5, POINT (41.379869503144455, 2.1439691236606677));
INSERT INTO beatdown.stablishment (stablishment_id, name, address, city, latitude, longitude, stablishment_category_id, location) VALUES(12, 'Sin Más Piojitos Barcelona', 'Passatge Serra i Arola, 17', 'Barcelona', 41.3764558, 2.13534779999998, 1, POINT (41.3764558, 2.13534779999998));
INSERT INTO beatdown.stablishment (stablishment_id, name, address, city, latitude, longitude, stablishment_category_id, location) VALUES(13, 'Domino''s Pizza', 'Paseo Zona Franca, 215', 'Barcelona', 41.36247669999999, 2.1370491999999786, 2, POINT (41.36247669999999, 2.1370491999999786));
INSERT INTO beatdown.stablishment (stablishment_id, name, address, city, latitude, longitude, stablishment_category_id, location) VALUES(14, 'Domino''s Pizza', 'C/ Valencia, 79-81', 'Barcelona', 41.3850078, 2.15286079999998, 2, POINT (41.3850078, 2.15286079999998));
INSERT INTO beatdown.stablishment (stablishment_id, name, address, city, latitude, longitude, stablishment_category_id, location) VALUES(15, 'Estética y Belleza Cathy', 'C/ Viladomat, 216', 'Barcelona', 41.3855028, 2.14977320000003, 4, POINT (41.3855028, 2.14977320000003));
INSERT INTO beatdown.stablishment (stablishment_id, name, address, city, latitude, longitude, stablishment_category_id, location) VALUES(16, 'Burger King', 'Avda. de Paralelo, 87', 'Barcelona', 41.37477221665085, 2.1657931951065166, 5, POINT (41.37477221665085, 2.1657931951065166));
INSERT INTO beatdown.stablishment (stablishment_id, name, address, city, latitude, longitude, stablishment_category_id, location) VALUES(17, 'Burger King', 'Ronda Sant Pau, 56', 'Barcelona', 41.377727801154236, 2.1647130150383873, 5, POINT (41.377727801154236, 2.1647130150383873));
INSERT INTO beatdown.stablishment (stablishment_id, name, address, city, latitude, longitude, stablishment_category_id, location) VALUES(18, 'HCG Servicios Sanitarios', 'C/ Caballero, 75', 'Barcelona', 41.3836895, 2.1374395, 6, POINT (41.3836895, 2.1374395));
INSERT INTO beatdown.stablishment (stablishment_id, name, address, city, latitude, longitude, stablishment_category_id, location) VALUES(19, 'Hotelius', 'NH Sants Barcelona', 'Barcelona', 41.38456408372131, 2.1376822892434575, 7, POINT (41.38456408372131, 2.1376822892434575));
INSERT INTO beatdown.stablishment (stablishment_id, name, address, city, latitude, longitude, stablishment_category_id, location) VALUES(20, 'UrbanGas', 'Carrer dels Comtes de Bell-Lloc , 161', 'Barcelona', 41.3836023, 2.1348824000000377, 8, POINT (41.3836023, 2.1348824000000377));
INSERT INTO beatdown.stablishment (stablishment_id, name, address, city, latitude, longitude, stablishment_category_id, location) VALUES(21, 'Eurostars Hotels', 'Eurostars Lex', 'Barcelona', 41.365502760014046, 2.1305418812914922, 7, POINT (41.365502760014046, 2.1305418812914922));
INSERT INTO beatdown.stablishment (stablishment_id, name, address, city, latitude, longitude, stablishment_category_id, location) VALUES(22, 'Domino''s Pizza', 'C/ Calabria,269', 'Barcelona', 41.38735328277064, 2.1443586202377674, 2, POINT (41.38735328277064, 2.1443586202377674));
INSERT INTO beatdown.stablishment (stablishment_id, name, address, city, latitude, longitude, stablishment_category_id, location) VALUES(23, 'Burger King', 'Paseo Zona Franca, 131', 'Barcelona', 41.35814319504625, 2.1400416134224542, 5, POINT (41.35814319504625, 2.1400416134224542));
INSERT INTO beatdown.stablishment (stablishment_id, name, address, city, latitude, longitude, stablishment_category_id, location) VALUES(24, 'Domino''s Pizza', 'Avda. Madrid, 118', 'Barcelona', 41.378963363305, 2.12860482084943, 2, POINT (41.378963363305, 2.12860482084943));
INSERT INTO beatdown.stablishment (stablishment_id, name, address, city, latitude, longitude, stablishment_category_id, location) VALUES(25, 'Burger King', 'Avda. de Sarriá,  9', 'Barcelona', 41.38980917300661, 2.147278759813048, 5, POINT (41.38980917300661, 2.147278759813048));
INSERT INTO beatdown.stablishment (stablishment_id, name, address, city, latitude, longitude, stablishment_category_id, location) VALUES(26, 'Game', 'C.C. Gran Vía,2', 'Barcelona', 41.35964079087604, 2.1299058074096138, 3, POINT (41.35964079087604, 2.1299058074096138));
INSERT INTO beatdown.stablishment (stablishment_id, name, address, city, latitude, longitude, stablishment_category_id, location) VALUES(27, 'Soloptical', 'C. C. Gran Vía 2', 'Barcelona', 41.3590977292952, 2.1293944919959813, 1, POINT (41.3590977292952, 2.1293944919959813));
INSERT INTO beatdown.stablishment (stablishment_id, name, address, city, latitude, longitude, stablishment_category_id, location) VALUES(28, 'Burger King', 'C.C.  L''illa Diagonal Planta 0 Local 29', 'Barcelona', 41.38921893609091, 2.1345310852327657, 5, POINT (41.38921893609091, 2.1345310852327657));
INSERT INTO beatdown.stablishment (stablishment_id, name, address, city, latitude, longitude, stablishment_category_id, location) VALUES(29, 'tumejorITV', 'Avda. Diagonal s/n. Servicio a Domicilio', 'Barcelona', 41.3918081890846, 2.1425192439026, 9, POINT (41.3918081890846, 2.1425192439026));
INSERT INTO beatdown.stablishment (stablishment_id, name, address, city, latitude, longitude, stablishment_category_id, location) VALUES(30, 'L''illa Diagonal', 'Av. Diagonal 557', 'Barcelona', 41.38974473765949, 2.13479161262512, 10, POINT (41.38974473765949, 2.13479161262512));
INSERT INTO beatdown.stablishment (stablishment_id, name, address, city, latitude, longitude, stablishment_category_id, location) VALUES(31, 'Antonio Miró', 'Carrer d''Enric Granados, 46', 'Barcelona', 41.391246275119435, 2.158093296295192, 11, POINT (41.391246275119435, 2.158093296295192));
INSERT INTO beatdown.stablishment (stablishment_id, name, address, city, latitude, longitude, stablishment_category_id, location) VALUES(32, 'Benestar', '"C/ Valencia 238', 'Barcelona', 41.3904709, 2.1604784, 4, POINT (41.3904709, 2.1604784));
INSERT INTO beatdown.stablishment (stablishment_id, name, address, city, latitude, longitude, stablishment_category_id, location) VALUES(33, 'Exe Hoteles', 'Exe Plaza Catalunya', 'Barcelona', 41.38680273708982, 2.16736178710255, 7, POINT (41.38680273708982, 2.16736178710255));
INSERT INTO beatdown.stablishment (stablishment_id, name, address, city, latitude, longitude, stablishment_category_id, location) VALUES(34, 'Hotelius', 'Hotel Balmes', 'Barcelona', 41.39117730014276, 2.159215930042137, 7, POINT (41.39117730014276, 2.159215930042137));
INSERT INTO beatdown.stablishment (stablishment_id, name, address, city, latitude, longitude, stablishment_category_id, location) VALUES(35, 'Exe Hoteles', 'Exe Ramblas Boquería', 'Barcelona', 41.38221062501073, 2.1721024779099025, 7, POINT (41.38221062501073, 2.1721024779099025));

-- Tipus d'oferta
INSERT INTO beatdown.offer_type (offer_type_id, description_cat, description_spa, description_eng) VALUES(1, 'Oferta', 'Oferta', 'Offer');
INSERT INTO beatdown.offer_type (offer_type_id, description_cat, description_spa, description_eng) VALUES(2, 'Descompte', 'Descuento', 'Discount');
INSERT INTO beatdown.offer_type (offer_type_id, description_cat, description_spa, description_eng) VALUES(3, 'Personal', 'Personal', 'Personal');

-- Ofertes
INSERT INTO beatdown.offer (offer_id, title_cat, title_spa, title_eng, image_url, discount, offer_type_id, stablishment_id) VALUES(33, '20% en Ulleres de Sol de Totes les Marques', '20% en Gafas de Sol de Todas las Marcas', '20% in Sunglasses of All Trademarks', '13614-solvision-45623-oferta.jpg', 20, 2, 1);
INSERT INTO beatdown.offer (offer_id, title_cat, title_spa, title_eng, image_url, discount, offer_type_id, stablishment_id) VALUES(34, '20% en Ulleres de Sol de Totes les Marques', '20% en Gafas de Sol de Todas las Marcas', '20% in Sunglasses of All Trademarks', '12574-soloptical-38966-oferta.jpg', 20, 2, 7);
INSERT INTO beatdown.offer (offer_id, title_cat, title_spa, title_eng, image_url, discount, offer_type_id, stablishment_id) VALUES(35, 'A domicili: 3 Pizzes mitjanes a 7€ cada una', 'A domicilio: 3 Pizzas medianas a 7€ cada una', 'Take away: 3 medium pizzas 7€ each one', '5470-domino-s-pizza-44154-oferta.jpg', -12, 1, 8);
INSERT INTO beatdown.offer (offer_id, title_cat, title_spa, title_eng, image_url, discount, offer_type_id, stablishment_id) VALUES(36, 'Ark Survival Evolved per Nintendo Switch per 39,95€', 'Ark Survival Evolved para Nintendo Switch por 39,95€', 'Ark Survival Evolved for Nintendo Switch for 39,95€', '13235-game-45907-oferta.jpg', 28, 2, 9);
INSERT INTO beatdown.offer (offer_id, title_cat, title_spa, title_eng, image_url, discount, offer_type_id, stablishment_id) VALUES(37, 'Vitamines Facials Infiltrades 49€', 'Vitaminas Faciales Infiltradas 49€', 'Infiltrated Facial Vitamins 49€', '8839-clinicas-lola-sopena-45911-oferta.jpg', 59, 2, 10);
INSERT INTO beatdown.offer (offer_id, title_cat, title_spa, title_eng, image_url, discount, offer_type_id, stablishment_id) VALUES(38, 'Menú Petit Doble Cheeseburger BBQ + Cono Gelat per només 4,50€', 'Menú Pequeño Doble Cheeseburger BBQ + Cono Helado por solo 4,50€', 'Little Menu Double Cheeseburger BBQ + Ice-cream only for 4,50€', '10100-burger-king-44324-oferta.jpg', -1, 1, 11);
INSERT INTO beatdown.offer (offer_id, title_cat, title_spa, title_eng, image_url, discount, offer_type_id, stablishment_id) VALUES(39, 'Revisió d''Infestació de polls', 'Revisión de Infestación de piojos', 'Lice Infestation Review', '12138-sin-mas-piojitos-barcelona-37389-oferta.jpg?v=1446198895256', 100, 2, 12);
INSERT INTO beatdown.offer (offer_id, title_cat, title_spa, title_eng, image_url, discount, offer_type_id, stablishment_id) VALUES(40, 'A domicili: 3 Pizzes mitjanes a 7€ cada una', 'A domicilio: 3 Pizzas medianas a 7€ cada una', 'Take away: 3 medium pizzas 7€ each one', '5470-domino-s-pizza-44154-oferta.jpg', -12, 1, 13);
INSERT INTO beatdown.offer (offer_id, title_cat, title_spa, title_eng, image_url, discount, offer_type_id, stablishment_id) VALUES(41, 'A domicili: 3 Pizzes mitjanes a 7€ cada una', 'A domicilio: 3 Pizzas medianas a 7€ cada una', 'Take away: 3 medium pizzas 7€ each one', '5470-domino-s-pizza-44154-oferta.jpg', -12, 1, 14);
INSERT INTO beatdown.offer (offer_id, title_cat, title_spa, title_eng, image_url, discount, offer_type_id, stablishment_id) VALUES(42, 'Cuida la teva pell amb una neteja facial profunda a 30€', 'Cuida tu piel con una limpieza facial profunda a 30€', 'Take care of your skin with a deep facial cleansing for 30€', '12847-estetica-y-belleza-cathy-44916-oferta.jpg', 54, 2, 15);
INSERT INTO beatdown.offer (offer_id, title_cat, title_spa, title_eng, image_url, discount, offer_type_id, stablishment_id) VALUES(43, 'Menú Petit Doble Cheeseburger BBQ + Cono Gelat per només 4,50€', 'Menú Pequeño Doble Cheeseburger BBQ + Cono Helado por solo 4,50€', 'Little Menu Double Cheeseburger BBQ + Ice-cream only for 4,50€', '10100-burger-king-44324-oferta.jpg', -1, 1, 16);
INSERT INTO beatdown.offer (offer_id, title_cat, title_spa, title_eng, image_url, discount, offer_type_id, stablishment_id) VALUES(44, 'Menú Petit Doble Cheeseburger BBQ + Cono Gelat per només 4,50€', 'Menú Pequeño Doble Cheeseburger BBQ + Cono Helado por solo 4,50€', 'Little Menu Double Cheeseburger BBQ + Ice-cream only for 4,50€', '10100-burger-king-44324-oferta.jpg', -1, 1, 17);
INSERT INTO beatdown.offer (offer_id, title_cat, title_spa, title_eng, image_url, discount, offer_type_id, stablishment_id) VALUES(45, 'Treu-te el Psicotècnic per la Obtenció del Carnet de Conduïr per 25€!!', 'Sácate el Psicotécnico para Obtención del Carnet de Conducir por 25€!!', 'Get the Psychometric Technician to Obtain the Driving License for 25€!!', '8767-hcg-servicios-sanitarios-38616-oferta.png', 54, 2, 18);
INSERT INTO beatdown.offer (offer_id, title_cat, title_spa, title_eng, image_url, discount, offer_type_id, stablishment_id) VALUES(46, 'Els millors Hotels amb descomptes de fins al 25% + el 12% de Beatdown', 'Los mejores Hoteles con dtos. de hasta 25% + el 12% de Beatdown', 'The best Hotels with discounts up to 25% + 12% from Beatdown', '13639-hotelius-45868-oferta.jpg', 37, 2, 19);
INSERT INTO beatdown.offer (offer_id, title_cat, title_spa, title_eng, image_url, discount, offer_type_id, stablishment_id) VALUES(47, 'Canvia la teva vella caldera per una Baxi Victoria Condens 24Kw', 'Cambia tu vieja caldera por una Baxi Victoria Condens 24Kw', 'Change your old boiler for a Baxi Victoria Condens 24Kw', '13164-urbangas-43366-oferta.jpg', 14, 2, 20);
INSERT INTO beatdown.offer (offer_id, title_cat, title_spa, title_eng, image_url, discount, offer_type_id, stablishment_id) VALUES(48, '10% de descompte en Eurostars Hotels', '10% de descuento en Eurostars Hotels', '10% of discount in Eurostars Hotels', '13618-eurostars-hotels-45754-oferta.jpg', 10, 2, 21);
INSERT INTO beatdown.offer (offer_id, title_cat, title_spa, title_eng, image_url, discount, offer_type_id, stablishment_id) VALUES(49, 'A domicili: 3 Pizzes mitjanes a 7€ cada una', 'A domicilio: 3 Pizzas medianas a 7€ cada una', 'Take away: 3 medium pizzas 7€ each one', '5470-domino-s-pizza-44154-oferta.jpg', -12, 1, 22);
INSERT INTO beatdown.offer (offer_id, title_cat, title_spa, title_eng, image_url, discount, offer_type_id, stablishment_id) VALUES(50, 'Menú Petit Doble Cheeseburger BBQ + Cono Gelat per només 4,50€', 'Menú Pequeño Doble Cheeseburger BBQ + Cono Helado por solo 4,50€', 'Little Menu Double Cheeseburger BBQ + Ice-cream only for 4,50€', '10100-burger-king-44324-oferta.jpg', -1, 1, 23);
INSERT INTO beatdown.offer (offer_id, title_cat, title_spa, title_eng, image_url, discount, offer_type_id, stablishment_id) VALUES(51, 'A domicili: 3 Pizzes mitjanes a 7€ cada una', 'A domicilio: 3 Pizzas medianas a 7€ cada una', 'Take away: 3 medium pizzas 7€ each one', '5470-domino-s-pizza-44154-oferta.jpg', -12, 1, 24);
INSERT INTO beatdown.offer (offer_id, title_cat, title_spa, title_eng, image_url, discount, offer_type_id, stablishment_id) VALUES(52, 'Menú Petit Doble Cheeseburger BBQ + Cono Gelat per només 4,50€', 'Menú Pequeño Doble Cheeseburger BBQ + Cono Helado por solo 4,50€', 'Little Menu Double Cheeseburger BBQ + Ice-cream only for 4,50€', '10100-burger-king-44324-oferta.jpg', -1, 1, 25);
INSERT INTO beatdown.offer (offer_id, title_cat, title_spa, title_eng, image_url, discount, offer_type_id, stablishment_id) VALUES(53, 'Ark Survival Evolved per Nintendo Switch per 39,95€', 'Ark Survival Evolved para Nintendo Switch por 39,95€', 'Ark Survival Evolved for Nintendo Switch for 39,95€', '13235-game-45907-oferta.jpg', 28, 2, 26);
INSERT INTO beatdown.offer (offer_id, title_cat, title_spa, title_eng, image_url, discount, offer_type_id, stablishment_id) VALUES(54, '20% en Ulleres de Sol de Totes les Marques', '20% en Gafas de Sol de Todas las Marcas', '20% in Sunglasses of All Trademarks', '12574-soloptical-38966-oferta.jpg', 20, 2, 27);
INSERT INTO beatdown.offer (offer_id, title_cat, title_spa, title_eng, image_url, discount, offer_type_id, stablishment_id) VALUES(55, 'Menú Petit Doble Cheeseburger BBQ + Cono Gelat per només 4,50€', 'Menú Pequeño Doble Cheeseburger BBQ + Cono Helado por solo 4,50€', 'Little Menu Double Cheeseburger BBQ + Ice-cream only for 4,50€', '10100-burger-king-44324-oferta.jpg', -1, 1, 28);
INSERT INTO beatdown.offer (offer_id, title_cat, title_spa, title_eng, image_url, discount, offer_type_id, stablishment_id) VALUES(56, 'Passa la ITV a vehicles gasolina per només 26,95€', 'Pasa la ITV a vehículos gasolina por solo 26,95€', 'Pass the ITV to gasoline vehicles by only 26,95€', '12689-tumejoritv-43183-oferta.png', 37, 2, 29);
INSERT INTO beatdown.offer (offer_id, title_cat, title_spa, title_eng, image_url, discount, offer_type_id, stablishment_id) VALUES(57, 'Més de 100 Cupons descompte en L´illa Diagonal', 'Más de 100 Cupones descuento en L´illa Diagonal', 'More than 100 discount coupons in L´illa Diagonal', '6649-l-illa-diagonal-45755-oferta.jpg', -1, 1, 30);
INSERT INTO beatdown.offer (offer_id, title_cat, title_spa, title_eng, image_url, discount, offer_type_id, stablishment_id) VALUES(59, '15% de descompte en Moda, Complements i Regals', '15% de descuento en Moda, Complementos y Regalos', '15% of discount in Fashion, Complements and Gifts', '13649-antonio-miro-45921-oferta.jpg', 15, 2, 31);
INSERT INTO beatdown.offer (offer_id, title_cat, title_spa, title_eng, image_url, discount, offer_type_id, stablishment_id) VALUES(60, 'Neteja facial amb Punta de Diamants i Limpieza Facial con Punta de Diamante y Proteoglíquens 40 min 35€', 'Limpieza Facial con Punta de Diamante y Proteoglicanos 40 min 35€', 'Face Cleaning with Diamond Tip and Proteoglycans 40 min 35€', '6748-benestar-45058-oferta.jpg', 42, 2, 32);
INSERT INTO beatdown.offer (offer_id, title_cat, title_spa, title_eng, image_url, discount, offer_type_id, stablishment_id) VALUES(61, '10% de descompte en Exe Hotels', '10% de descuento en Exe Hotels', '10% of discount descuento in Exe Hotels', '13617-exe-hoteles-45766-oferta.jpg', 10, 2, 33);
INSERT INTO beatdown.offer (offer_id, title_cat, title_spa, title_eng, image_url, discount, offer_type_id, stablishment_id) VALUES(62, 'Els millors Hotels amb descomptes de fins al 25% + el 12% de Beatdown', 'Los mejores Hoteles con dtos. de hasta 25% + el 12% de Beatdown', 'The best Hotels with discounts up to 25% + 12% from Beatdown', '13639-hotelius-45868-oferta.jpg', 37, 2, 34);
INSERT INTO beatdown.offer (offer_id, title_cat, title_spa, title_eng, image_url, discount, offer_type_id, stablishment_id) VALUES(63, '10% de descompte en Exe Hotels', '10% de descuento en Exe Hotels', '10% of discount descuento in Exe Hotels', '13617-exe-hoteles-45766-oferta.jpg', 10, 2, 35);
INSERT INTO beatdown.offer (offer_id, title_cat, title_spa, title_eng, image_url, discount, offer_type_id, stablishment_id, code) VALUES(64, '50% de descompte en Exe Hotels', '50% de descuento en Exe Hotels', '50% of discount descuento in Exe Hotels', '13617-exe-hoteles-45766-oferta.jpg', 50, 3, 35, '987654322123456789321456789765432');
